ID,Name,Age
1,Alice,21
2,Bob,20
3,Charlie,24
4,David,23
5,Eve,18
6,Frank,25
7,Grace,19
8,Heidi,22
9,Ivan,21
10,Judy,25
11,Kevin,18
12,Laura,19
13,Mike,20
14,Nina,25
15,Oscar,20
16,Paula,23
17,Quentin,23
18,Rachel,19
19,Steve,18
20,Tracy,24
21,Uma,23
22,Victor,22
23,Wendy,21
24,Xavier,19
25,Yara,24
26,Zane,22
27,Bella,20
28,Cody,22
29,Diana,25
30,Ethan,21
