ID,Marks,Grade
1,68,A+
2,63,D
3,56,A+
4,94,B
5,98,D
6,78,B
7,60,A+
8,77,C
9,73,B+
10,52,B
11,96,A
12,90,A+
13,87,B+
14,97,D
15,89,A+
16,98,B+
17,64,B+
18,81,D
19,96,A
20,93,D
21,94,D
22,60,A+
23,67,A
24,75,C
25,66,A
