ID,Name,Age,Marks,Grade
1,Alice,21,68,A+
2,Bob,20,63,D
3,Charlie,24,56,A+
4,David,23,94,B
5,Eve,18,98,D
6,Frank,25,78,B
7,Grace,19,60,A+
8,Heidi,22,77,C
9,Ivan,21,73,B+
10,Judy,25,52,B
11,Kevin,18,96,A
12,Laura,19,90,A+
13,Mike,20,87,B+
14,Nina,25,97,D
15,Oscar,20,89,A+
16,Paula,23,98,B+
17,Quentin,23,64,B+
18,Rachel,19,81,D
19,Steve,18,96,A
20,Tracy,24,93,D
21,Uma,23,94,D
22,Victor,22,60,A+
23,Wendy,21,67,A
24,Xavier,19,75,C
25,Yara,24,66,A
